<?xml version="1.0" encoding="UTF-8"?>
<!--
 This is a WordPress eXtended RSS file generated by WordPress as an export of your site.
 It contains information about your site's posts, pages, comments, categories, and other content.
 You may use this file to transfer that content from one site to another.
 This file is not intended to serve as a complete backup of your site.

 To import this information into a WordPress site follow these steps:
 1. Log in to that site as an administrator.
 2. Go to Tools: Import in the WordPress admin panel.
 3. Install the "WordPress" importer from the list.
 4. Activate & Run Importer.
 5. Upload this file using the form provided on that page.
 6. You will first be asked to map the authors in this export file to users
    on the site. For each author, you may choose to map to an
    existing user on the site or to create a new user.
 7. WordPress will then import each of the posts, pages, comments, categories, etc.
    contained in this file into your site.
-->
<!-- generator="WordPress.com" created="2025-02-10 16:51"-->
<rss version="2.0" xmlns:excerpt="http://wordpress.org/export/1.2/excerpt/" xmlns:content="http://purl.org/rss/1.0/modules/content/" xmlns:wfw="http://wellformedweb.org/CommentAPI/" xmlns:dc="http://purl.org/dc/elements/1.1/" xmlns:wp="http://wordpress.org/export/1.2/">
  <channel>
<title>Ana España</title>
<link>https://anaespanaramos.wordpress.com</link>
<description>Especialista en Marketing Digital &amp; Diseño Gráfico</description>
<pubDate>Mon, 10 Feb 2025 16:51:31 +0000</pubDate>
<language>es</language>
<wp:wxr_version>1.2</wp:wxr_version>
<wp:base_site_url>http://wordpress.com/</wp:base_site_url>
<wp:base_blog_url>https://anaespanaramos.wordpress.com</wp:base_blog_url>
<wp:author>
  <wp:author_id>261311678</wp:author_id>
  <wp:author_login>agespana2001</wp:author_login>
  <wp:author_email>agespana2001@gmail.com</wp:author_email>
  <wp:author_display_name><![CDATA[Ana España]]></wp:author_display_name>
  <wp:author_first_name><![CDATA[Ana]]></wp:author_first_name>
  <wp:author_last_name><![CDATA[España]]></wp:author_last_name>
</wp:author>
<wp:category>
  <wp:term_id>1</wp:term_id>
  <wp:category_nicename>uncategorized</wp:category_nicename>
  <wp:category_parent/>
  <wp:cat_name><![CDATA[Uncategorized]]></wp:cat_name>
</wp:category>
<generator>http://wordpress.com/</generator>

<image>
	<url>https://anaespanaramos.wordpress.com/wp-content/uploads/2025/01/cropped-anaespana.jpg?w=32</url>
	<title>Ana España</title>
	<link>https://anaespanaramos.wordpress.com</link>
	<width>32</width>
	<height>32</height>
</image> 
<item>
  <title><![CDATA[Sobre Mí]]></title>
  <link>https://anaespanaramos.wordpress.com/sobre-mi/</link>
  <pubDate>Mon, 27 Jan 2025 15:57:41 +0000</pubDate>
  <dc:creator>agespana2001</dc:creator>
  <guid isPermaLink="false">http://anaespanaramos.wordpress.com/?page_id=1</guid>
  <description/>
  <content:encoded><![CDATA[<!-- wp:media-text {"mediaId":11,"mediaLink":"https://anaespanaramos.wordpress.com/inicio/anaespana-2/","mediaType":"image"} -->
<div class="wp-block-media-text is-stacked-on-mobile"><figure class="wp-block-media-text__media"><img src="https://anaespanaramos.wordpress.com/wp-content/uploads/2025/01/anaespana-1.jpg" alt="" class="wp-image-11 size-full" /></figure><div class="wp-block-media-text__content"><!-- wp:paragraph {"placeholder":"Contenido…"} -->
<p>Me caracteriza un interés constante por aprender y un<br>deseo genuino de aportar valor, buscando siempre ser útil<br>en cada proyecto en el que participo y enfrentar nuevos<br>desafíos que impulsen mi crecimiento profesional y<br>personal.</p>
<!-- /wp:paragraph --></div></div>
<!-- /wp:media-text -->

<!-- wp:columns -->
<div class="wp-block-columns"><!-- wp:column -->
<div class="wp-block-column"><!-- wp:details -->
<details class="wp-block-details"><summary>Educación</summary><!-- wp:list -->
<ul class="wp-block-list"><!-- wp:list-item -->
<li>Tecnóloga en Diseño Gráfico y Multimedia Instituto de Artes Visuales Quito (IAVQ) <strong>2019 - 2022 - Quito</strong></li>
<!-- /wp:list-item -->

<!-- wp:list-item -->
<li>Tecnóloga en Marketing Digital y Comercio Electrónico Instituto Universitario Cordillera (ITSCO)    <strong>2024 - Actualidad - Quito</strong></li>
<!-- /wp:list-item --></ul>
<!-- /wp:list -->

<!-- wp:paragraph {"placeholder":"Teclea / para añadir un bloque oculto"} -->
<p></p>
<!-- /wp:paragraph -->

<!-- wp:paragraph {"placeholder":"Teclea / para añadir un bloque oculto"} -->
<p></p>
<!-- /wp:paragraph --></details>
<!-- /wp:details --></div>
<!-- /wp:column -->

<!-- wp:column -->
<div class="wp-block-column"><!-- wp:details -->
<details class="wp-block-details"><summary>Habilidades</summary><!-- wp:list -->
<ul class="wp-block-list"><!-- wp:list-item -->
<li>Resolución de problemas</li>
<!-- /wp:list-item --></ul>
<!-- /wp:list -->

<!-- wp:list -->
<ul class="wp-block-list"><!-- wp:list-item -->
<li>Atención al Cliente</li>
<!-- /wp:list-item --></ul>
<!-- /wp:list -->

<!-- wp:list -->
<ul class="wp-block-list"><!-- wp:list-item -->
<li>Creatividad </li>
<!-- /wp:list-item -->

<!-- wp:list-item -->
<li>Versatilidad</li>
<!-- /wp:list-item -->

<!-- wp:list-item -->
<li>Proactividad</li>
<!-- /wp:list-item --></ul>
<!-- /wp:list -->

<!-- wp:list -->
<ul class="wp-block-list"><!-- wp:list-item -->
<li>Blogger</li>
<!-- /wp:list-item --></ul>
<!-- /wp:list -->

<!-- wp:list -->
<ul class="wp-block-list"><!-- wp:list-item -->
<li>Redes Sociales</li>
<!-- /wp:list-item --></ul>
<!-- /wp:list -->

<!-- wp:list -->
<ul class="wp-block-list"><!-- wp:list-item -->
<li>Visual Studio Code</li>
<!-- /wp:list-item --></ul>
<!-- /wp:list -->

<!-- wp:list -->
<ul class="wp-block-list"><!-- wp:list-item -->
<li>Illustrator</li>
<!-- /wp:list-item --></ul>
<!-- /wp:list -->

<!-- wp:list -->
<ul class="wp-block-list"><!-- wp:list-item -->
<li>Photoshop</li>
<!-- /wp:list-item --></ul>
<!-- /wp:list -->

<!-- wp:list -->
<ul class="wp-block-list"><!-- wp:list-item -->
<li>HTML</li>
<!-- /wp:list-item -->

<!-- wp:list-item -->
<li>Canva</li>
<!-- /wp:list-item --></ul>
<!-- /wp:list -->

<!-- wp:paragraph {"placeholder":"Teclea / para añadir un bloque oculto"} -->
<p></p>
<!-- /wp:paragraph --></details>
<!-- /wp:details --></div>
<!-- /wp:column -->

<!-- wp:column -->
<div class="wp-block-column"><!-- wp:details -->
<details class="wp-block-details"><summary>Certificaciones</summary><!-- wp:list -->
<ul class="wp-block-list"><!-- wp:list-item -->
<li>Certificado inducción al dibujo IAVQ | 10 Horas prácticas | 2021</li>
<!-- /wp:list-item -->

<!-- wp:list-item -->
<li>Certificado diseño de artes para RRSS IAVQ | 40 horas prácticas | 2021</li>
<!-- /wp:list-item -->

<!-- wp:list-item -->
<li>Certificado en Marketing de contenidosn Hubspot Academy | 2024</li>
<!-- /wp:list-item -->

<!-- wp:list-item -->
<li>Curso virtual “Instituto libre de violencia de género contra las mujeres” ITSCO | 2024-2025</li>
<!-- /wp:list-item -->

<!-- wp:list-item -->
<li>Certificado Google analitycs básico Curso Online | 2025</li>
<!-- /wp:list-item --></ul>
<!-- /wp:list -->

<!-- wp:paragraph {"placeholder":"Teclea / para añadir un bloque oculto"} -->
<p></p>
<!-- /wp:paragraph --></details>
<!-- /wp:details --></div>
<!-- /wp:column --></div>
<!-- /wp:columns -->

<!-- wp:table -->
<figure class="wp-block-table"><table class="has-fixed-layout"><tbody><tr><td class="has-text-align-center" data-align="center"><strong>IDIOMA</strong></td><td class="has-text-align-center" data-align="center"><strong>NIVEL</strong></td></tr><tr><td class="has-text-align-center" data-align="center">Español</td><td class="has-text-align-center" data-align="center">Nativo</td></tr><tr><td class="has-text-align-center" data-align="center">Inglés</td><td class="has-text-align-center" data-align="center">Intermedio</td></tr></tbody></table></figure>
<!-- /wp:table -->]]></content:encoded>
  <excerpt:encoded><![CDATA[]]></excerpt:encoded>
  <wp:post_id>1</wp:post_id>
  <wp:post_date>2025-01-27 15:57:41</wp:post_date>
  <wp:post_date_gmt>2025-01-27 15:57:41</wp:post_date_gmt>
  <wp:post_modified>2025-02-10 11:42:44</wp:post_modified>
  <wp:post_modified_gmt>2025-02-10 16:42:44</wp:post_modified_gmt>
  <wp:comment_status>closed</wp:comment_status>
  <wp:ping_status>open</wp:ping_status>
  <wp:post_name>sobre-mi</wp:post_name>
  <wp:status>publish</wp:status>
  <wp:post_parent>0</wp:post_parent>
  <wp:menu_order>0</wp:menu_order>
  <wp:post_type>page</wp:post_type>
  <wp:post_password/>
  <wp:is_sticky>0</wp:is_sticky>
  <wp:postmeta>
    <wp:meta_key>_wp_page_template</wp:meta_key>
    <wp:meta_value><![CDATA[default]]></wp:meta_value>
  </wp:postmeta>
  <wp:postmeta>
    <wp:meta_key>_elasticsearch_data_sharing_indexed_on</wp:meta_key>
    <wp:meta_value><![CDATA[2025-01-27 15:57:45]]></wp:meta_value>
  </wp:postmeta>
  <wp:postmeta>
    <wp:meta_key>_g_feedback_shortcode_87911d1aed509877b83a48ec536f768cdcd22df1</wp:meta_key>
    <wp:meta_value><![CDATA[
				[contact-field label="Nombre" type="name"  required="true" /]
				[contact-field label="Correo electrónico" type="email" required="true" /]
				[contact-field label="Web" type="url" /]
				[contact-field label="Mensaje" type="textarea" /]]]></wp:meta_value>
  </wp:postmeta>
  <wp:postmeta>
    <wp:meta_key>_g_feedback_shortcode_atts_87911d1aed509877b83a48ec536f768cdcd22df1</wp:meta_key>
    <wp:meta_value><![CDATA[a:17:{s:2:"to";s:22:"agespana2001@gmail.com";s:7:"subject";s:23:"[Ana España] Sobre Mí";s:12:"show_subject";s:2:"no";s:6:"widget";i:0;s:14:"block_template";N;s:19:"block_template_part";N;s:2:"id";i:1;s:18:"submit_button_text";s:6:"Enviar";s:14:"customThankyou";s:0:"";s:21:"customThankyouHeading";s:24:"Se ha enviado tu mensaje";s:21:"customThankyouMessage";s:24:"¡Gracias por tu envío!";s:22:"customThankyouRedirect";s:0:"";s:10:"jetpackCRM";b:1;s:9:"className";N;s:9:"postToUrl";N;s:14:"salesforceData";N;s:12:"hiddenFields";N;}]]></wp:meta_value>
  </wp:postmeta>
  <wp:postmeta>
    <wp:meta_key>_last_editor_used_jetpack</wp:meta_key>
    <wp:meta_value><![CDATA[block-editor]]></wp:meta_value>
  </wp:postmeta>
  <wp:postmeta>
    <wp:meta_key>advanced_seo_description</wp:meta_key>
    <wp:meta_value><![CDATA[]]></wp:meta_value>
  </wp:postmeta>
  <wp:postmeta>
    <wp:meta_key>jetpack_seo_html_title</wp:meta_key>
    <wp:meta_value><![CDATA[]]></wp:meta_value>
  </wp:postmeta>
  <wp:postmeta>
    <wp:meta_key>jetpack_seo_noindex</wp:meta_key>
    <wp:meta_value><![CDATA[]]></wp:meta_value>
  </wp:postmeta>
  <wp:postmeta>
    <wp:meta_key>_jetpack_post_was_ever_published</wp:meta_key>
    <wp:meta_value><![CDATA[]]></wp:meta_value>
  </wp:postmeta>
  <wp:postmeta>
    <wp:meta_key>reader_suggested_tags</wp:meta_key>
    <wp:meta_value><![CDATA[]]></wp:meta_value>
  </wp:postmeta>
  <wp:postmeta>
    <wp:meta_key>_starter_page_template</wp:meta_key>
    <wp:meta_value><![CDATA[]]></wp:meta_value>
  </wp:postmeta>
  <wp:postmeta>
    <wp:meta_key>_wpcom_template_layout_category</wp:meta_key>
    <wp:meta_value><![CDATA[a:0:{}]]></wp:meta_value>
  </wp:postmeta>
  <wp:postmeta>
    <wp:meta_key>footnotes</wp:meta_key>
    <wp:meta_value><![CDATA[]]></wp:meta_value>
  </wp:postmeta>
</item>
<item>
  <title><![CDATA[¡Hola mundo!]]></title>
  <link>https://anaespanaramos.wordpress.com/2025/01/27/hello-world/</link>
  <pubDate>Mon, 27 Jan 2025 15:52:41 +0000</pubDate>
  <dc:creator>agespana2001</dc:creator>
  <guid isPermaLink="false">https://anaespanaramos.wordpress.com/2025/01/27/hello-world/</guid>
  <description/>
  <content:encoded><![CDATA[<!-- wp:paragraph -->
<p>Bienvenido a WordPress Esta es tu primera entrada. Empieza tu andadura en el mundo bloguero editándola o borrándola.</p>
<!-- /wp:paragraph -->]]></content:encoded>
  <excerpt:encoded><![CDATA[]]></excerpt:encoded>
  <wp:post_id>2</wp:post_id>
  <wp:post_date>2025-01-27 15:52:41</wp:post_date>
  <wp:post_date_gmt>2025-01-27 15:52:41</wp:post_date_gmt>
  <wp:post_modified>2025-01-27 15:52:41</wp:post_modified>
  <wp:post_modified_gmt>2025-01-27 15:52:41</wp:post_modified_gmt>
  <wp:comment_status>open</wp:comment_status>
  <wp:ping_status>open</wp:ping_status>
  <wp:post_name>hello-world</wp:post_name>
  <wp:status>publish</wp:status>
  <wp:post_parent>0</wp:post_parent>
  <wp:menu_order>0</wp:menu_order>
  <wp:post_type>post</wp:post_type>
  <wp:post_password/>
  <wp:is_sticky>0</wp:is_sticky>
  <category domain="category" nicename="uncategorized"><![CDATA[Uncategorized]]></category>
  <wp:postmeta>
    <wp:meta_key>_headstart_post</wp:meta_key>
    <wp:meta_value><![CDATA[_hs_extra]]></wp:meta_value>
  </wp:postmeta>
  <wp:postmeta>
    <wp:meta_key>sharing_disabled</wp:meta_key>
    <wp:meta_value><![CDATA[a:1:{i:0;N;}]]></wp:meta_value>
  </wp:postmeta>
  <wp:postmeta>
    <wp:meta_key>switch_like_status</wp:meta_key>
    <wp:meta_value><![CDATA[a:1:{i:0;N;}]]></wp:meta_value>
  </wp:postmeta>
  <wp:postmeta>
    <wp:meta_key>_starter_page_template</wp:meta_key>
    <wp:meta_value><![CDATA[]]></wp:meta_value>
  </wp:postmeta>
  <wp:postmeta>
    <wp:meta_key>_hs_old_id</wp:meta_key>
    <wp:meta_value><![CDATA[4]]></wp:meta_value>
  </wp:postmeta>
  <wp:postmeta>
    <wp:meta_key>_wpas_skip_all_services</wp:meta_key>
    <wp:meta_value><![CDATA[1]]></wp:meta_value>
  </wp:postmeta>
  <wp:postmeta>
    <wp:meta_key>_publicize_pending</wp:meta_key>
    <wp:meta_value><![CDATA[1]]></wp:meta_value>
  </wp:postmeta>
  <wp:postmeta>
    <wp:meta_key>_elasticsearch_data_sharing_indexed_on</wp:meta_key>
    <wp:meta_value><![CDATA[2025-01-27 15:57:42]]></wp:meta_value>
  </wp:postmeta>
</item>
<item>
  <title><![CDATA[Navegación]]></title>
  <link>https://anaespanaramos.wordpress.com/2025/01/27/navigation/</link>
  <pubDate>Mon, 27 Jan 2025 15:57:47 +0000</pubDate>
  <dc:creator>agespana2001</dc:creator>
  <guid isPermaLink="false">https://anaespanaramos.wordpress.com/2025/01/27/navigation/</guid>
  <description/>
  <content:encoded><![CDATA[<!-- wp:navigation-link {"label":"Inicio","type":"page","id":8,"url":"https://anaespanaramos.wordpress.com/","kind":"post-type"} /-->

<!-- wp:navigation-link {"label":"Sobre Mí","type":"page","id":1,"url":"https://anaespanaramos.wordpress.com/about/","kind":"post-type"} /-->

<!-- wp:navigation-link {"label":"Linkedin","url":"https://www.linkedin.com/in/ana-espana-ramos/","kind":"custom"} /-->

<!-- wp:navigation-link {"label":"Currículum","url":"https://github.com/Gaby023/cv/blob/main/ana-espana-cv-2025.pdf","kind":"custom"} /-->

<!-- wp:navigation-link {"label":"Blog","url":"https://gabriela-2001.blogspot.com/","kind":"custom"} /-->

<!-- wp:navigation-link {"label":"Contacto","url":"https://anaespanaramos.wordpress.com/contacto/","kind":"custom"} /-->]]></content:encoded>
  <excerpt:encoded><![CDATA[]]></excerpt:encoded>
  <wp:post_id>3</wp:post_id>
  <wp:post_date>2025-01-27 10:57:47</wp:post_date>
  <wp:post_date_gmt>2025-01-27 15:57:47</wp:post_date_gmt>
  <wp:post_modified>2025-02-10 11:48:15</wp:post_modified>
  <wp:post_modified_gmt>2025-02-10 16:48:15</wp:post_modified_gmt>
  <wp:comment_status>closed</wp:comment_status>
  <wp:ping_status>closed</wp:ping_status>
  <wp:post_name>navigation</wp:post_name>
  <wp:status>publish</wp:status>
  <wp:post_parent>0</wp:post_parent>
  <wp:menu_order>0</wp:menu_order>
  <wp:post_type>wp_navigation</wp:post_type>
  <wp:post_password/>
  <wp:is_sticky>0</wp:is_sticky>
</item>
<item>
  <title><![CDATA[Custom Styles]]></title>
  <link>https://anaespanaramos.wordpress.com/2025/01/27/wp-global-styles-pub%2ftwentytwentyfive/</link>
  <pubDate>Mon, 27 Jan 2025 16:04:57 +0000</pubDate>
  <dc:creator>agespana2001</dc:creator>
  <guid isPermaLink="false">https://anaespanaramos.wordpress.com/2025/01/27/wp-global-styles-pub%2ftwentytwentyfive/</guid>
  <description/>
  <content:encoded><![CDATA[{"version":3,"isGlobalStylesUserThemeJSON":true}]]></content:encoded>
  <excerpt:encoded><![CDATA[]]></excerpt:encoded>
  <wp:post_id>4</wp:post_id>
  <wp:post_date>2025-01-27 11:04:57</wp:post_date>
  <wp:post_date_gmt>2025-01-27 16:04:57</wp:post_date_gmt>
  <wp:post_modified>2025-01-27 11:04:57</wp:post_modified>
  <wp:post_modified_gmt>2025-01-27 16:04:57</wp:post_modified_gmt>
  <wp:comment_status>closed</wp:comment_status>
  <wp:ping_status>closed</wp:ping_status>
  <wp:post_name>wp-global-styles-pub%2ftwentytwentyfive</wp:post_name>
  <wp:status>publish</wp:status>
  <wp:post_parent>0</wp:post_parent>
  <wp:menu_order>0</wp:menu_order>
  <wp:post_type>wp_global_styles</wp:post_type>
  <wp:post_password/>
  <wp:is_sticky>0</wp:is_sticky>
  <category domain="wp_theme" nicename="twentytwentyfive"><![CDATA[twentytwentyfive]]></category>
  <wp:postmeta>
    <wp:meta_key>_publicize_pending</wp:meta_key>
    <wp:meta_value><![CDATA[1]]></wp:meta_value>
  </wp:postmeta>
</item>
<item>
  <title><![CDATA[Custom Styles]]></title>
  <link>https://anaespanaramos.wordpress.com/2025/01/27/wp-global-styles-pub%2ffewer/</link>
  <pubDate>Mon, 27 Jan 2025 16:12:45 +0000</pubDate>
  <dc:creator>agespana2001</dc:creator>
  <guid isPermaLink="false">https://anaespanaramos.wordpress.com/2025/01/27/wp-global-styles-pub%2ffewer/</guid>
  <description/>
  <content:encoded><![CDATA[{"version":3,"isGlobalStylesUserThemeJSON":true}]]></content:encoded>
  <excerpt:encoded><![CDATA[]]></excerpt:encoded>
  <wp:post_id>5</wp:post_id>
  <wp:post_date>2025-01-27 11:12:45</wp:post_date>
  <wp:post_date_gmt>2025-01-27 16:12:45</wp:post_date_gmt>
  <wp:post_modified>2025-01-27 11:12:45</wp:post_modified>
  <wp:post_modified_gmt>2025-01-27 16:12:45</wp:post_modified_gmt>
  <wp:comment_status>closed</wp:comment_status>
  <wp:ping_status>closed</wp:ping_status>
  <wp:post_name>wp-global-styles-pub%2ffewer</wp:post_name>
  <wp:status>publish</wp:status>
  <wp:post_parent>0</wp:post_parent>
  <wp:menu_order>0</wp:menu_order>
  <wp:post_type>wp_global_styles</wp:post_type>
  <wp:post_password/>
  <wp:is_sticky>0</wp:is_sticky>
  <category domain="wp_theme" nicename="fewer"><![CDATA[fewer]]></category>
  <wp:postmeta>
    <wp:meta_key>_publicize_pending</wp:meta_key>
    <wp:meta_value><![CDATA[1]]></wp:meta_value>
  </wp:postmeta>
</item>
<item>
  <title><![CDATA[anaespaña]]></title>
  <link>https://anaespanaramos.wordpress.com/anaespana/</link>
  <pubDate>Mon, 27 Jan 2025 16:27:08 +0000</pubDate>
  <dc:creator>agespana2001</dc:creator>
  <guid isPermaLink="false">http://anaespanaramos.files.wordpress.com/2025/01/anaespana.jpg</guid>
  <description/>
  <content:encoded><![CDATA[]]></content:encoded>
  <excerpt:encoded><![CDATA[]]></excerpt:encoded>
  <wp:post_id>6</wp:post_id>
  <wp:post_date>2025-01-27 11:27:08</wp:post_date>
  <wp:post_date_gmt>2025-01-27 16:27:08</wp:post_date_gmt>
  <wp:post_modified>2025-01-27 11:27:08</wp:post_modified>
  <wp:post_modified_gmt>2025-01-27 16:27:08</wp:post_modified_gmt>
  <wp:comment_status>open</wp:comment_status>
  <wp:ping_status>closed</wp:ping_status>
  <wp:post_name>anaespana</wp:post_name>
  <wp:status>inherit</wp:status>
  <wp:post_parent>0</wp:post_parent>
  <wp:menu_order>0</wp:menu_order>
  <wp:post_type>attachment</wp:post_type>
  <wp:post_password/>
  <wp:is_sticky>0</wp:is_sticky>
  <wp:attachment_url>https://anaespanaramos.wordpress.com/wp-content/uploads/2025/01/anaespana.jpg</wp:attachment_url>
  <wp:postmeta>
    <wp:meta_key>_wp_attached_file</wp:meta_key>
    <wp:meta_value><![CDATA[/home/wpcom/public_html/wp-content/blogs.dir/6d8/241125379/files/2025/01/anaespana.jpg]]></wp:meta_value>
  </wp:postmeta>
  <wp:postmeta>
    <wp:meta_key>_wp_attachment_metadata</wp:meta_key>
    <wp:meta_value><![CDATA[a:6:{s:5:"width";i:285;s:6:"height";i:311;s:4:"file";s:86:"/home/wpcom/public_html/wp-content/blogs.dir/6d8/241125379/files/2025/01/anaespana.jpg";s:8:"filesize";i:26467;s:5:"sizes";a:0:{}s:10:"image_meta";a:12:{s:8:"aperture";s:1:"0";s:6:"credit";s:0:"";s:6:"camera";s:0:"";s:7:"caption";s:0:"";s:17:"created_timestamp";s:1:"0";s:9:"copyright";s:13:"Rawpixel Ltd.";s:12:"focal_length";s:1:"0";s:3:"iso";s:1:"0";s:13:"shutter_speed";s:1:"0";s:5:"title";s:0:"";s:11:"orientation";s:1:"1";s:8:"keywords";a:0:{}}}]]></wp:meta_value>
  </wp:postmeta>
</item>
<item>
  <title><![CDATA[cropped-anaespana]]></title>
  <link>https://anaespanaramos.wordpress.com/cropped-anaespana/</link>
  <pubDate>Mon, 27 Jan 2025 16:27:14 +0000</pubDate>
  <dc:creator>agespana2001</dc:creator>
  <guid isPermaLink="false">http://anaespanaramos.files.wordpress.com/2025/01/cropped-anaespana.jpg</guid>
  <description/>
  <content:encoded><![CDATA[]]></content:encoded>
  <excerpt:encoded><![CDATA[]]></excerpt:encoded>
  <wp:post_id>7</wp:post_id>
  <wp:post_date>2025-01-27 11:27:14</wp:post_date>
  <wp:post_date_gmt>2025-01-27 16:27:14</wp:post_date_gmt>
  <wp:post_modified>2025-01-27 11:27:14</wp:post_modified>
  <wp:post_modified_gmt>2025-01-27 16:27:14</wp:post_modified_gmt>
  <wp:comment_status>open</wp:comment_status>
  <wp:ping_status>closed</wp:ping_status>
  <wp:post_name>cropped-anaespana</wp:post_name>
  <wp:status>inherit</wp:status>
  <wp:post_parent>0</wp:post_parent>
  <wp:menu_order>0</wp:menu_order>
  <wp:post_type>attachment</wp:post_type>
  <wp:post_password/>
  <wp:is_sticky>0</wp:is_sticky>
  <wp:attachment_url>https://anaespanaramos.wordpress.com/wp-content/uploads/2025/01/cropped-anaespana.jpg</wp:attachment_url>
  <wp:postmeta>
    <wp:meta_key>_wp_attached_file</wp:meta_key>
    <wp:meta_value><![CDATA[/home/wpcom/public_html/wp-content/blogs.dir/6d8/241125379/files/2025/01/cropped-anaespana.jpg]]></wp:meta_value>
  </wp:postmeta>
  <wp:postmeta>
    <wp:meta_key>_wp_attachment_metadata</wp:meta_key>
    <wp:meta_value><![CDATA[a:6:{s:5:"width";i:285;s:6:"height";i:285;s:4:"file";s:94:"/home/wpcom/public_html/wp-content/blogs.dir/6d8/241125379/files/2025/01/cropped-anaespana.jpg";s:8:"filesize";i:68193;s:5:"sizes";a:0:{}s:10:"image_meta";a:12:{s:8:"aperture";s:1:"0";s:6:"credit";s:0:"";s:6:"camera";s:0:"";s:7:"caption";s:0:"";s:17:"created_timestamp";s:1:"0";s:9:"copyright";s:0:"";s:12:"focal_length";s:1:"0";s:3:"iso";s:1:"0";s:13:"shutter_speed";s:1:"0";s:5:"title";s:0:"";s:11:"orientation";s:1:"0";s:8:"keywords";a:0:{}}}]]></wp:meta_value>
  </wp:postmeta>
</item>
<item>
  <title><![CDATA[Inicio]]></title>
  <link>https://anaespanaramos.wordpress.com/</link>
  <pubDate>Mon, 27 Jan 2025 16:41:16 +0000</pubDate>
  <dc:creator>agespana2001</dc:creator>
  <guid isPermaLink="false">https://anaespanaramos.wordpress.com/?page_id=8</guid>
  <description/>
  <content:encoded><![CDATA[<!-- wp:media-text {"align":"full","mediaId":13,"mediaLink":"https://anaespanaramos.wordpress.com/shallow-focus-shot-of-beautiful-pink-cherry-blossoms-under-the-breathtaking-blue-sky/","mediaType":"image","imageFill":true} -->
<div class="wp-block-media-text alignfull is-stacked-on-mobile is-image-fill-element"><figure class="wp-block-media-text__media"><img src="https://anaespanaramos.wordpress.com/wp-content/uploads/2025/01/shallow-focus-shot-beautiful-pink-cherry-blossoms-breathtaking-blue-sky.jpg?w=620" alt="" class="wp-image-13 size-full" style="object-position:50% 50%" /></figure><div class="wp-block-media-text__content"><!-- wp:cover {"overlayColor":"background","isUserOverlayColor":true,"minHeight":95,"minHeightUnit":"vh","className":"is-light"} -->
<div class="wp-block-cover is-light" style="min-height:95vh"><span aria-hidden="true" class="wp-block-cover__background has-background-background-color has-background-dim-100 has-background-dim"></span><div class="wp-block-cover__inner-container"><!-- wp:image {"id":11,"sizeSlug":"full","linkDestination":"none","align":"center","className":"is-resized is-style-rounded"} -->
<figure class="wp-block-image aligncenter size-full is-resized is-style-rounded"><img src="https://anaespanaramos.wordpress.com/wp-content/uploads/2025/01/anaespana-1.jpg" alt="" class="wp-image-11" /></figure>
<!-- /wp:image -->

<!-- wp:heading {"textAlign":"center","level":1,"style":{"elements":{"link":{"color":{"text":"#ed7dd1"}}},"color":{"text":"#ed7dd1"}}} -->
<h1 class="wp-block-heading has-text-align-center has-text-color has-link-color" style="color:#ed7dd1">Ana España</h1>
<!-- /wp:heading -->

<!-- wp:paragraph {"align":"center","style":{"elements":{"link":{"color":{"text":"var:preset|color|foreground"}}}},"backgroundColor":"background","textColor":"foreground"} -->
<p class="has-text-align-center has-foreground-color has-background-background-color has-text-color has-background has-link-color"><strong>¡Hola! </strong></p>
<!-- /wp:paragraph -->

<!-- wp:paragraph {"align":"center","style":{"elements":{"link":{"color":{"text":"var:preset|color|foreground"}}}},"backgroundColor":"background","textColor":"foreground"} -->
<p class="has-text-align-center has-foreground-color has-background-background-color has-text-color has-background has-link-color">Soy Ana Gabriela España Ramos Diseñadora gráfica y multimedia con pasión por el marketing digital y el e-commerce. Me encanta crear experiencias visuales que conecten con las personas y transmitir mensajes de manera efectiva. Aquí encontrarás una muestra de mi trabajo, mis proyectos y todo lo que me inspira. </p>
<!-- /wp:paragraph -->

<!-- wp:paragraph {"align":"center","style":{"elements":{"link":{"color":{"text":"var:preset|color|foreground"}}}},"backgroundColor":"background","textColor":"foreground"} -->
<p class="has-text-align-center has-foreground-color has-background-background-color has-text-color has-background has-link-color"><strong>¡Bienvenid@!</strong></p>
<!-- /wp:paragraph -->

<!-- wp:social-links {"align":"center","className":"is-style-default"} -->
<ul class="wp-block-social-links aligncenter is-style-default"><!-- wp:social-link {"url":"https://www.linkedin.com/in/ana-espana-ramos/","service":"linkedin"} /-->

<!-- wp:social-link {"url":"https://github.com/Gaby023","service":"github"} /--></ul>
<!-- /wp:social-links --></div></div>
<!-- /wp:cover --></div></div>
<!-- /wp:media-text -->

<!-- wp:paragraph -->
<p></p>
<!-- /wp:paragraph -->

<!-- wp:group {"metadata":{"name":"Header","categories":["header"],"patternName":"a8c/header-logo-left-menu-centered-social-right"},"align":"full","style":{"spacing":{"padding":{"top":"var:preset|spacing|30","bottom":"var:preset|spacing|30","left":"var(\u002d\u002dwp\u002d\u002dstyle\u002d\u002droot\u002d\u002dpadding-left, var(\u002d\u002dwp\u002d\u002dcustom\u002d\u002dgap\u002d\u002dhorizontal))","right":"var(\u002d\u002dwp\u002d\u002dstyle\u002d\u002droot\u002d\u002dpadding-right, var(\u002d\u002dwp\u002d\u002dcustom\u002d\u002dgap\u002d\u002dhorizontal))"},"margin":{"top":"0","bottom":"0"}}},"layout":{"type":"constrained","justifyContent":"center"}} -->
<div class="wp-block-group alignfull" style="margin-top:0;margin-bottom:0;padding-top:var(--wp--preset--spacing--30);padding-right:var(--wp--style--root--padding-right, var(--wp--custom--gap--horizontal));padding-bottom:var(--wp--preset--spacing--30);padding-left:var(--wp--style--root--padding-left, var(--wp--custom--gap--horizontal))"><!-- wp:group {"tagName":"header","metadata":{"name":"Contents"},"align":"wide","style":{"spacing":{"margin":{"top":"0","bottom":"0"},"blockGap":"var:preset|spacing|40"}},"layout":{"type":"flex","flexWrap":"nowrap","justifyContent":"space-between"}} -->
<header class="wp-block-group alignwide" style="margin-top:0;margin-bottom:0"><!-- wp:group {"className":"grow  md:grow-0","style":{"layout":{"selfStretch":"fixed","flexSize":"25%"}},"layout":{"type":"flex","flexWrap":"nowrap","justifyContent":"left"}} -->
<div class="wp-block-group grow md:grow-0"><!-- wp:site-title /--></div>
<!-- /wp:group -->

<!-- wp:navigation {"ref":3,"className":"order-1 md:order-0","style":{"layout":{"selfStretch":"fit","flexSize":null}},"layout":{"type":"flex","justifyContent":"center"}} /-->

<!-- wp:group {"className":"grow md:grow-0","style":{"spacing":{"blockGap":"var:preset|spacing|20"},"layout":{"selfStretch":"fixed","flexSize":"25%"}},"layout":{"type":"flex","flexWrap":"nowrap","justifyContent":"right"}} -->
<div class="wp-block-group grow md:grow-0"><!-- wp:social-links {"className":"is-style-logos-only","style":{"spacing":{"blockGap":{"left":"8px"}}},"layout":{"type":"flex","flexWrap":"nowrap"}} -->
<ul class="wp-block-social-links is-style-logos-only"><!-- wp:social-link {"url":"https://www.linkedin.com/in/ana-espana-ramos/","service":"linkedin"} /-->

<!-- wp:social-link {"url":"https://github.com/Gaby023","service":"github"} /--></ul>
<!-- /wp:social-links --></div>
<!-- /wp:group --></header>
<!-- /wp:group --></div>
<!-- /wp:group -->

<!-- wp:paragraph -->
<p></p>
<!-- /wp:paragraph -->]]></content:encoded>
  <excerpt:encoded><![CDATA[]]></excerpt:encoded>
  <wp:post_id>8</wp:post_id>
  <wp:post_date>2025-01-27 11:41:16</wp:post_date>
  <wp:post_date_gmt>2025-01-27 16:41:16</wp:post_date_gmt>
  <wp:post_modified>2025-02-10 11:50:36</wp:post_modified>
  <wp:post_modified_gmt>2025-02-10 16:50:36</wp:post_modified_gmt>
  <wp:comment_status>closed</wp:comment_status>
  <wp:ping_status>closed</wp:ping_status>
  <wp:post_name>inicio</wp:post_name>
  <wp:status>publish</wp:status>
  <wp:post_parent>0</wp:post_parent>
  <wp:menu_order>0</wp:menu_order>
  <wp:post_type>page</wp:post_type>
  <wp:post_password/>
  <wp:is_sticky>0</wp:is_sticky>
  <wp:postmeta>
    <wp:meta_key>_tft_homepage_template</wp:meta_key>
    <wp:meta_value><![CDATA[pub/baker]]></wp:meta_value>
  </wp:postmeta>
  <wp:postmeta>
    <wp:meta_key>_publicize_pending</wp:meta_key>
    <wp:meta_value><![CDATA[1]]></wp:meta_value>
  </wp:postmeta>
  <wp:postmeta>
    <wp:meta_key>_elasticsearch_data_sharing_indexed_on</wp:meta_key>
    <wp:meta_value><![CDATA[2025-01-27 16:41:21]]></wp:meta_value>
  </wp:postmeta>
  <wp:postmeta>
    <wp:meta_key>_g_feedback_shortcode_d2026a55bd85761911cb5e0a039ad2831f33512c</wp:meta_key>
    <wp:meta_value><![CDATA[
				[contact-field label="Nombre" type="name"  required="true" /]
				[contact-field label="Correo electrónico" type="email" required="true" /]
				[contact-field label="Web" type="url" /]
				[contact-field label="Mensaje" type="textarea" /]]]></wp:meta_value>
  </wp:postmeta>
  <wp:postmeta>
    <wp:meta_key>_g_feedback_shortcode_atts_d2026a55bd85761911cb5e0a039ad2831f33512c</wp:meta_key>
    <wp:meta_value><![CDATA[a:17:{s:2:"to";s:22:"agespana2001@gmail.com";s:7:"subject";s:20:"[Ana España] Inicio";s:12:"show_subject";s:2:"no";s:6:"widget";i:0;s:14:"block_template";N;s:19:"block_template_part";N;s:2:"id";i:8;s:18:"submit_button_text";s:6:"Enviar";s:14:"customThankyou";s:0:"";s:21:"customThankyouHeading";s:24:"Se ha enviado tu mensaje";s:21:"customThankyouMessage";s:24:"¡Gracias por tu envío!";s:22:"customThankyouRedirect";s:0:"";s:10:"jetpackCRM";b:1;s:9:"className";N;s:9:"postToUrl";N;s:14:"salesforceData";N;s:12:"hiddenFields";N;}]]></wp:meta_value>
  </wp:postmeta>
  <wp:postmeta>
    <wp:meta_key>_last_editor_used_jetpack</wp:meta_key>
    <wp:meta_value><![CDATA[block-editor]]></wp:meta_value>
  </wp:postmeta>
</item>
<item>
  <title><![CDATA[Blog]]></title>
  <link>https://anaespanaramos.wordpress.com/blog/</link>
  <pubDate>Mon, 27 Jan 2025 16:41:18 +0000</pubDate>
  <dc:creator>agespana2001</dc:creator>
  <guid isPermaLink="false">https://anaespanaramos.wordpress.com/blog/</guid>
  <description/>
  <content:encoded><![CDATA[]]></content:encoded>
  <excerpt:encoded><![CDATA[]]></excerpt:encoded>
  <wp:post_id>10</wp:post_id>
  <wp:post_date>2025-01-27 11:41:18</wp:post_date>
  <wp:post_date_gmt>2025-01-27 16:41:18</wp:post_date_gmt>
  <wp:post_modified>2025-01-27 11:41:18</wp:post_modified>
  <wp:post_modified_gmt>2025-01-27 16:41:18</wp:post_modified_gmt>
  <wp:comment_status>closed</wp:comment_status>
  <wp:ping_status>closed</wp:ping_status>
  <wp:post_name>blog</wp:post_name>
  <wp:status>publish</wp:status>
  <wp:post_parent>0</wp:post_parent>
  <wp:menu_order>0</wp:menu_order>
  <wp:post_type>page</wp:post_type>
  <wp:post_password/>
  <wp:is_sticky>0</wp:is_sticky>
  <wp:postmeta>
    <wp:meta_key>_tft_posts_page</wp:meta_key>
    <wp:meta_value><![CDATA[1]]></wp:meta_value>
  </wp:postmeta>
  <wp:postmeta>
    <wp:meta_key>_publicize_pending</wp:meta_key>
    <wp:meta_value><![CDATA[1]]></wp:meta_value>
  </wp:postmeta>
  <wp:postmeta>
    <wp:meta_key>_elasticsearch_data_sharing_indexed_on</wp:meta_key>
    <wp:meta_value><![CDATA[2025-01-27 16:41:21]]></wp:meta_value>
  </wp:postmeta>
</item>
<item>
  <title><![CDATA[anaespaña]]></title>
  <link>https://anaespanaramos.wordpress.com/inicio/anaespana-2/</link>
  <pubDate>Mon, 27 Jan 2025 16:44:16 +0000</pubDate>
  <dc:creator>agespana2001</dc:creator>
  <guid isPermaLink="false">http://anaespanaramos.files.wordpress.com/2025/01/anaespana-1.jpg</guid>
  <description/>
  <content:encoded><![CDATA[]]></content:encoded>
  <excerpt:encoded><![CDATA[]]></excerpt:encoded>
  <wp:post_id>11</wp:post_id>
  <wp:post_date>2025-01-27 11:44:16</wp:post_date>
  <wp:post_date_gmt>2025-01-27 16:44:16</wp:post_date_gmt>
  <wp:post_modified>2025-01-27 11:44:16</wp:post_modified>
  <wp:post_modified_gmt>2025-01-27 16:44:16</wp:post_modified_gmt>
  <wp:comment_status>open</wp:comment_status>
  <wp:ping_status>closed</wp:ping_status>
  <wp:post_name>anaespana-2</wp:post_name>
  <wp:status>inherit</wp:status>
  <wp:post_parent>8</wp:post_parent>
  <wp:menu_order>0</wp:menu_order>
  <wp:post_type>attachment</wp:post_type>
  <wp:post_password/>
  <wp:is_sticky>0</wp:is_sticky>
  <wp:attachment_url>https://anaespanaramos.wordpress.com/wp-content/uploads/2025/01/anaespana-1.jpg</wp:attachment_url>
  <wp:postmeta>
    <wp:meta_key>_wp_attached_file</wp:meta_key>
    <wp:meta_value><![CDATA[/home/wpcom/public_html/wp-content/blogs.dir/6d8/241125379/files/2025/01/anaespana-1.jpg]]></wp:meta_value>
  </wp:postmeta>
  <wp:postmeta>
    <wp:meta_key>_wp_attachment_metadata</wp:meta_key>
    <wp:meta_value><![CDATA[a:6:{s:5:"width";i:285;s:6:"height";i:311;s:4:"file";s:88:"/home/wpcom/public_html/wp-content/blogs.dir/6d8/241125379/files/2025/01/anaespana-1.jpg";s:8:"filesize";i:26467;s:5:"sizes";a:0:{}s:10:"image_meta";a:12:{s:8:"aperture";s:1:"0";s:6:"credit";s:0:"";s:6:"camera";s:0:"";s:7:"caption";s:0:"";s:17:"created_timestamp";s:1:"0";s:9:"copyright";s:13:"Rawpixel Ltd.";s:12:"focal_length";s:1:"0";s:3:"iso";s:1:"0";s:13:"shutter_speed";s:1:"0";s:5:"title";s:0:"";s:11:"orientation";s:1:"1";s:8:"keywords";a:0:{}}}]]></wp:meta_value>
  </wp:postmeta>
</item>
<item>
  <title><![CDATA[Shallow focus shot of beautiful pink cherry blossoms under the breathtaking blue sky]]></title>
  <link>https://anaespanaramos.wordpress.com/inicio/shallow-focus-shot-of-beautiful-pink-cherry-blossoms-under-the-breathtaking-blue-sky/</link>
  <pubDate>Mon, 27 Jan 2025 16:49:50 +0000</pubDate>
  <dc:creator>agespana2001</dc:creator>
  <guid isPermaLink="false">http://anaespanaramos.files.wordpress.com/2025/01/shallow-focus-shot-beautiful-pink-cherry-blossoms-breathtaking-blue-sky.jpg</guid>
  <description/>
  <content:encoded><![CDATA[]]></content:encoded>
  <excerpt:encoded><![CDATA[A shallow focus shot of beautiful pink cherry blossoms under the breathtaking blue sky]]></excerpt:encoded>
  <wp:post_id>13</wp:post_id>
  <wp:post_date>2025-01-27 11:49:50</wp:post_date>
  <wp:post_date_gmt>2025-01-27 16:49:50</wp:post_date_gmt>
  <wp:post_modified>2025-01-27 11:49:50</wp:post_modified>
  <wp:post_modified_gmt>2025-01-27 16:49:50</wp:post_modified_gmt>
  <wp:comment_status>open</wp:comment_status>
  <wp:ping_status>closed</wp:ping_status>
  <wp:post_name>shallow-focus-shot-of-beautiful-pink-cherry-blossoms-under-the-breathtaking-blue-sky</wp:post_name>
  <wp:status>inherit</wp:status>
  <wp:post_parent>8</wp:post_parent>
  <wp:menu_order>0</wp:menu_order>
  <wp:post_type>attachment</wp:post_type>
  <wp:post_password/>
  <wp:is_sticky>0</wp:is_sticky>
  <wp:attachment_url>https://anaespanaramos.wordpress.com/wp-content/uploads/2025/01/shallow-focus-shot-beautiful-pink-cherry-blossoms-breathtaking-blue-sky.jpg</wp:attachment_url>
  <wp:postmeta>
    <wp:meta_key>_wp_attached_file</wp:meta_key>
    <wp:meta_value><![CDATA[/home/wpcom/public_html/wp-content/blogs.dir/6d8/241125379/files/2025/01/shallow-focus-shot-beautiful-pink-cherry-blossoms-breathtaking-blue-sky.jpg]]></wp:meta_value>
  </wp:postmeta>
  <wp:postmeta>
    <wp:meta_key>_wp_attachment_metadata</wp:meta_key>
    <wp:meta_value><![CDATA[a:6:{s:5:"width";i:3840;s:6:"height";i:5760;s:4:"file";s:148:"/home/wpcom/public_html/wp-content/blogs.dir/6d8/241125379/files/2025/01/shallow-focus-shot-beautiful-pink-cherry-blossoms-breathtaking-blue-sky.jpg";s:8:"filesize";i:17655882;s:5:"sizes";a:0:{}s:10:"image_meta";a:12:{s:8:"aperture";s:1:"0";s:6:"credit";s:0:"";s:6:"camera";s:0:"";s:7:"caption";s:86:"A shallow focus shot of beautiful pink cherry blossoms under the breathtaking blue sky";s:17:"created_timestamp";s:1:"0";s:9:"copyright";s:0:"";s:12:"focal_length";s:1:"0";s:3:"iso";s:1:"0";s:13:"shutter_speed";s:1:"0";s:5:"title";s:84:"Shallow focus shot of beautiful pink cherry blossoms under the breathtaking blue sky";s:11:"orientation";s:1:"0";s:8:"keywords";a:1:{i:0;s:433:"cherry, pink, spring, blue, blossom, nature, sky, garden, branch, floral, flower, tree, beautiful, beauty, flora, background, bloom, blooming, fresh, sakura, color, season, natural, plant, springtime, delicate, bud, outdoor, macro, romantic, selective focus, march, landscape, colorful, april, relax, white, prunus, outstanding, telephoto, buoyant, pure, mild, winter, natural light, love, sticking out, occasions, happy, comfortable";}}}]]></wp:meta_value>
  </wp:postmeta>
</item>
<item>
  <title><![CDATA[Contacto]]></title>
  <link>https://anaespanaramos.wordpress.com/contacto/</link>
  <pubDate>Mon, 10 Feb 2025 16:21:01 +0000</pubDate>
  <dc:creator>agespana2001</dc:creator>
  <guid isPermaLink="false">https://anaespanaramos.wordpress.com/?page_id=30</guid>
  <description/>
  <content:encoded><![CDATA[<!-- wp:group {"metadata":{"name":"Header","categories":["header"],"patternName":"a8c/header-logo-left-menu-centered-social-right"},"align":"full","style":{"spacing":{"padding":{"top":"var:preset|spacing|30","bottom":"var:preset|spacing|30","left":"var(\u002d\u002dwp\u002d\u002dstyle\u002d\u002droot\u002d\u002dpadding-left, var(\u002d\u002dwp\u002d\u002dcustom\u002d\u002dgap\u002d\u002dhorizontal))","right":"var(\u002d\u002dwp\u002d\u002dstyle\u002d\u002droot\u002d\u002dpadding-right, var(\u002d\u002dwp\u002d\u002dcustom\u002d\u002dgap\u002d\u002dhorizontal))"},"margin":{"top":"0","bottom":"0"}}},"layout":{"type":"constrained","justifyContent":"center"}} -->
<div class="wp-block-group alignfull" style="margin-top:0;margin-bottom:0;padding-top:var(--wp--preset--spacing--30);padding-right:var(--wp--style--root--padding-right, var(--wp--custom--gap--horizontal));padding-bottom:var(--wp--preset--spacing--30);padding-left:var(--wp--style--root--padding-left, var(--wp--custom--gap--horizontal))"><!-- wp:group {"tagName":"header","metadata":{"name":"Contents"},"align":"wide","style":{"spacing":{"margin":{"top":"0","bottom":"0"},"blockGap":"var:preset|spacing|40"}},"layout":{"type":"flex","flexWrap":"nowrap","justifyContent":"space-between"}} -->
<header class="wp-block-group alignwide" style="margin-top:0;margin-bottom:0"><!-- wp:group {"className":"grow  md:grow-0","style":{"layout":{"selfStretch":"fixed","flexSize":"25%"}},"layout":{"type":"flex","flexWrap":"nowrap","justifyContent":"left"}} -->
<div class="wp-block-group grow md:grow-0"><!-- wp:site-title /--></div>
<!-- /wp:group -->

<!-- wp:navigation {"ref":3,"className":"order-1 md:order-0","style":{"layout":{"selfStretch":"fit","flexSize":null}},"layout":{"type":"flex","justifyContent":"center"}} /-->

<!-- wp:group {"className":"grow md:grow-0","style":{"spacing":{"blockGap":"var:preset|spacing|20"},"layout":{"selfStretch":"fixed","flexSize":"25%"}},"layout":{"type":"flex","flexWrap":"nowrap","justifyContent":"right"}} -->
<div class="wp-block-group grow md:grow-0"><!-- wp:social-links {"className":"is-style-logos-only","style":{"spacing":{"blockGap":{"left":"8px"}}},"layout":{"type":"flex","flexWrap":"nowrap"}} -->
<ul class="wp-block-social-links is-style-logos-only"><!-- wp:social-link {"url":"https://www.linkedin.com/in/ana-espana-ramos/","service":"linkedin"} /-->

<!-- wp:social-link {"url":"https://github.com/Gaby023","service":"github"} /--></ul>
<!-- /wp:social-links --></div>
<!-- /wp:group --></header>
<!-- /wp:group --></div>
<!-- /wp:group -->

<!-- wp:group {"metadata":{"name":"Contact"},"align":"full","style":{"spacing":{"margin":{"top":"0","bottom":"0"},"padding":{"top":"var:preset|spacing|50","bottom":"var:preset|spacing|50"}}},"layout":{"type":"constrained","justifyContent":"center"}} -->
<div class="wp-block-group alignfull" style="margin-top:0;margin-bottom:0;padding-top:var(--wp--preset--spacing--50);padding-bottom:var(--wp--preset--spacing--50)"><!-- wp:columns {"align":"wide"} -->
<div class="wp-block-columns alignwide"><!-- wp:column {"verticalAlignment":"center","width":""} -->
<div class="wp-block-column is-vertically-aligned-center"><!-- wp:heading {"fontSize":"x-large"} -->
<h2 class="wp-block-heading has-x-large-font-size">Ponte en contacto conmigo</h2>
<!-- /wp:heading -->

<!-- wp:paragraph {"className":"is-contact-description"} -->
<p class="is-contact-description">Servicio de Marketing Digital &amp; Diseño Gráfico</p>
<!-- /wp:paragraph -->

<!-- wp:spacer {"height":"calc( 0.25 * var(\u002d\u002dwp\u002d\u002dstyle\u002d\u002droot\u002d\u002dpadding-right, var(\u002d\u002dwp\u002d\u002dcustom\u002d\u002dgap\u002d\u002dhorizontal)))"} -->
<div style="height:calc( 0.25 * var(--wp--style--root--padding-right, var(--wp--custom--gap--horizontal)))" aria-hidden="true" class="wp-block-spacer"></div>
<!-- /wp:spacer -->

<!-- wp:jetpack/contact-form {"subject":"","to":"","className":"is-style-default","textColor":"primary","style":{"elements":{"link":{"color":{"text":"var:preset|color|primary"}}}}} -->
<div class="wp-block-jetpack-contact-form is-style-default has-primary-color has-text-color has-link-color"><!-- wp:jetpack/field-name {"label":"Nombre","required":true,"borderRadius":5,"borderWidth":1} /-->

<!-- wp:jetpack/field-email {"label":"Correo electrónico","required":true,"borderRadius":5,"borderWidth":1} /-->

<!-- wp:jetpack/field-textarea {"label":"Mensaje","borderRadius":5,"borderWidth":1} /-->

<!-- wp:jetpack/button {"element":"button","text":"Enviar","width":"","lock":{"remove":true}} /--></div>
<!-- /wp:jetpack/contact-form --></div>
<!-- /wp:column -->

<!-- wp:column -->
<div class="wp-block-column"><!-- wp:image {"lightbox":{"enabled":false},"id":34,"aspectRatio":"3/4","scale":"cover","sizeSlug":"full","linkDestination":"none","align":"right","className":"is-style-default"} -->
<figure class="wp-block-image alignright size-full is-style-default"><img src="https://anaespanaramos.wordpress.com/wp-content/uploads/2025/02/call-center-1.jpg" alt="" class="wp-image-34" style="aspect-ratio:3/4;object-fit:cover" /></figure>
<!-- /wp:image --></div>
<!-- /wp:column --></div>
<!-- /wp:columns --></div>
<!-- /wp:group -->

<!-- wp:html -->
[googlemaps https://www.google.com/maps/embed?pb=!1m14!1m8!1m3!1d3989.8036248872118!2d-78.48839!3d-0.155508!3m2!1i1024!2i768!4f13.1!3m3!1m2!1s0x91d59aba9e05e6a1%3A0x606478970ed82284!2sInstituto%20Tecnologico%20Superior%20Cordillera!5e0!3m2!1sen!2sec!4v1739204838660!5m2!1sen!2sec&amp;w=600&amp;h=450]
<!-- /wp:html -->]]></content:encoded>
  <excerpt:encoded><![CDATA[]]></excerpt:encoded>
  <wp:post_id>30</wp:post_id>
  <wp:post_date>2025-02-10 11:21:01</wp:post_date>
  <wp:post_date_gmt>2025-02-10 16:21:01</wp:post_date_gmt>
  <wp:post_modified>2025-02-10 11:40:10</wp:post_modified>
  <wp:post_modified_gmt>2025-02-10 16:40:10</wp:post_modified_gmt>
  <wp:comment_status>closed</wp:comment_status>
  <wp:ping_status>closed</wp:ping_status>
  <wp:post_name>contacto</wp:post_name>
  <wp:status>publish</wp:status>
  <wp:post_parent>0</wp:post_parent>
  <wp:menu_order>0</wp:menu_order>
  <wp:post_type>page</wp:post_type>
  <wp:post_password/>
  <wp:is_sticky>0</wp:is_sticky>
  <wp:postmeta>
    <wp:meta_key>_publicize_pending</wp:meta_key>
    <wp:meta_value><![CDATA[1]]></wp:meta_value>
  </wp:postmeta>
  <wp:postmeta>
    <wp:meta_key>_g_feedback_shortcode_40e546a31956ece213b1f6c11bb7a2e34b2521fb</wp:meta_key>
    <wp:meta_value><![CDATA[
				[contact-field label="Nombre" type="name"  required="true" /]
				[contact-field label="Correo electrónico" type="email" required="true" /]
				[contact-field label="Web" type="url" /]
				[contact-field label="Mensaje" type="textarea" /]]]></wp:meta_value>
  </wp:postmeta>
  <wp:postmeta>
    <wp:meta_key>_g_feedback_shortcode_atts_40e546a31956ece213b1f6c11bb7a2e34b2521fb</wp:meta_key>
    <wp:meta_value><![CDATA[a:17:{s:2:"to";s:22:"agespana2001@gmail.com";s:7:"subject";s:22:"[Ana España] Contacto";s:12:"show_subject";s:2:"no";s:6:"widget";i:0;s:14:"block_template";N;s:19:"block_template_part";N;s:2:"id";i:30;s:18:"submit_button_text";s:6:"Enviar";s:14:"customThankyou";s:0:"";s:21:"customThankyouHeading";s:24:"Se ha enviado tu mensaje";s:21:"customThankyouMessage";s:24:"¡Gracias por tu envío!";s:22:"customThankyouRedirect";s:0:"";s:10:"jetpackCRM";b:1;s:9:"className";N;s:9:"postToUrl";N;s:14:"salesforceData";N;s:12:"hiddenFields";N;}]]></wp:meta_value>
  </wp:postmeta>
  <wp:postmeta>
    <wp:meta_key>_last_editor_used_jetpack</wp:meta_key>
    <wp:meta_value><![CDATA[block-editor]]></wp:meta_value>
  </wp:postmeta>
  <wp:postmeta>
    <wp:meta_key>advanced_seo_description</wp:meta_key>
    <wp:meta_value><![CDATA[]]></wp:meta_value>
  </wp:postmeta>
  <wp:postmeta>
    <wp:meta_key>jetpack_seo_html_title</wp:meta_key>
    <wp:meta_value><![CDATA[]]></wp:meta_value>
  </wp:postmeta>
  <wp:postmeta>
    <wp:meta_key>jetpack_seo_noindex</wp:meta_key>
    <wp:meta_value><![CDATA[]]></wp:meta_value>
  </wp:postmeta>
  <wp:postmeta>
    <wp:meta_key>_jetpack_post_was_ever_published</wp:meta_key>
    <wp:meta_value><![CDATA[]]></wp:meta_value>
  </wp:postmeta>
  <wp:postmeta>
    <wp:meta_key>reader_suggested_tags</wp:meta_key>
    <wp:meta_value><![CDATA[]]></wp:meta_value>
  </wp:postmeta>
  <wp:postmeta>
    <wp:meta_key>_starter_page_template</wp:meta_key>
    <wp:meta_value><![CDATA[contact-tall-image-with-form]]></wp:meta_value>
  </wp:postmeta>
  <wp:postmeta>
    <wp:meta_key>_wpcom_template_layout_category</wp:meta_key>
    <wp:meta_value><![CDATA[a:1:{i:0;s:7:"contact";}]]></wp:meta_value>
  </wp:postmeta>
  <wp:postmeta>
    <wp:meta_key>footnotes</wp:meta_key>
    <wp:meta_value><![CDATA[]]></wp:meta_value>
  </wp:postmeta>
  <wp:postmeta>
    <wp:meta_key>_g_feedback_shortcode_f9b18f23d69844fffcb780add032be1d4cad9679</wp:meta_key>
    <wp:meta_value><![CDATA[
<div class="wp-block-jetpack-contact-form is-style-default has-primary-color has-text-color has-link-color">[contact-field label="Nombre" required="1" borderRadius="5" borderWidth="1" type="name"/]

[contact-field label="Correo electrónico" required="1" borderRadius="5" borderWidth="1" type="email"/]

[contact-field label="Mensaje" borderRadius="5" borderWidth="1" type="textarea"/]

<div class="wp-block-jetpack-button wp-block-button" style="width: ;"><button class="wp-block-button__link" style="" data-id-attr="placeholder" type="submit">Enviar</button></div></div>
]]></wp:meta_value>
  </wp:postmeta>
  <wp:postmeta>
    <wp:meta_key>_g_feedback_shortcode_atts_f9b18f23d69844fffcb780add032be1d4cad9679</wp:meta_key>
    <wp:meta_value><![CDATA[a:17:{s:2:"to";s:0:"";s:7:"subject";s:0:"";s:12:"show_subject";s:2:"no";s:6:"widget";i:0;s:14:"block_template";N;s:19:"block_template_part";N;s:2:"id";i:30;s:18:"submit_button_text";s:6:"Submit";s:14:"customThankyou";s:0:"";s:21:"customThankyouHeading";s:26:"Your message has been sent";s:21:"customThankyouMessage";s:30:"Thank you for your submission!";s:22:"customThankyouRedirect";s:0:"";s:10:"jetpackCRM";b:1;s:9:"className";s:61:"is-style-default wp-elements-153637ff03439d10402d20ec7f2a0fb8";s:9:"postToUrl";N;s:14:"salesforceData";N;s:12:"hiddenFields";N;}]]></wp:meta_value>
  </wp:postmeta>
  <wp:postmeta>
    <wp:meta_key>_elasticsearch_data_sharing_indexed_on</wp:meta_key>
    <wp:meta_value><![CDATA[2025-02-10 16:19:21]]></wp:meta_value>
  </wp:postmeta>
</item>
<item>
  <title><![CDATA[young girl in white shirt and headphones with a microphone looking aside smiling confident pointing up with index finger standing over pink background]]></title>
  <link>https://anaespanaramos.wordpress.com/contacto/young-girl-in-white-shirt-and-headphones-with-a-microphone-looking-aside-smiling-confident-pointing-up-with-index-finger-standing-over-pink-background/</link>
  <pubDate>Mon, 10 Feb 2025 16:14:49 +0000</pubDate>
  <dc:creator>agespana2001</dc:creator>
  <guid isPermaLink="false">http://anaespanaramos.files.wordpress.com/2025/02/call-center.jpg</guid>
  <description/>
  <content:encoded><![CDATA[]]></content:encoded>
  <excerpt:encoded><![CDATA[young girl in white shirt and headphones with a microphone looking aside smiling confident pointing up with index finger standing over pink background]]></excerpt:encoded>
  <wp:post_id>32</wp:post_id>
  <wp:post_date>2025-02-10 11:14:49</wp:post_date>
  <wp:post_date_gmt>2025-02-10 16:14:49</wp:post_date_gmt>
  <wp:post_modified>2025-02-10 11:14:49</wp:post_modified>
  <wp:post_modified_gmt>2025-02-10 16:14:49</wp:post_modified_gmt>
  <wp:comment_status>open</wp:comment_status>
  <wp:ping_status>closed</wp:ping_status>
  <wp:post_name>young-girl-in-white-shirt-and-headphones-with-a-microphone-looking-aside-smiling-confident-pointing-up-with-index-finger-standing-over-pink-background</wp:post_name>
  <wp:status>inherit</wp:status>
  <wp:post_parent>30</wp:post_parent>
  <wp:menu_order>0</wp:menu_order>
  <wp:post_type>attachment</wp:post_type>
  <wp:post_password/>
  <wp:is_sticky>0</wp:is_sticky>
  <wp:attachment_url>https://anaespanaramos.wordpress.com/wp-content/uploads/2025/02/call-center.jpg</wp:attachment_url>
  <wp:postmeta>
    <wp:meta_key>_wp_attached_file</wp:meta_key>
    <wp:meta_value><![CDATA[/home/wpcom/public_html/wp-content/blogs.dir/6d8/241125379/files/2025/02/call-center.jpg]]></wp:meta_value>
  </wp:postmeta>
  <wp:postmeta>
    <wp:meta_key>_wp_attachment_metadata</wp:meta_key>
    <wp:meta_value><![CDATA[a:6:{s:5:"width";i:5304;s:6:"height";i:6244;s:4:"file";s:88:"/home/wpcom/public_html/wp-content/blogs.dir/6d8/241125379/files/2025/02/call-center.jpg";s:8:"filesize";i:8332971;s:5:"sizes";a:0:{}s:10:"image_meta";a:12:{s:8:"aperture";s:1:"0";s:6:"credit";s:0:"";s:6:"camera";s:0:"";s:7:"caption";s:150:"young girl in white shirt and headphones with a microphone looking aside smiling confident pointing up with index finger standing over pink background";s:17:"created_timestamp";s:1:"0";s:9:"copyright";s:0:"";s:12:"focal_length";s:1:"0";s:3:"iso";s:1:"0";s:13:"shutter_speed";s:1:"0";s:5:"title";s:150:"young girl in white shirt and headphones with a microphone looking aside smiling confident pointing up with index finger standing over pink background";s:11:"orientation";s:1:"0";s:8:"keywords";a:18:{i:0;s:5:"young";i:1;s:4:"girl";i:2;s:5:"white";i:3;s:5:"shirt";i:4;s:10:"headphones";i:5;s:10:"microphone";i:6;s:7:"looking";i:7;s:5:"aside";i:8;s:7:"smiling";i:9;s:9:"confident";i:10;s:8:"pointing";i:11;s:2:"up";i:12;s:5:"index";i:13;s:6:"finger";i:14;s:8:"standing";i:15;s:4:"over";i:16;s:4:"pink";i:17;s:10:"background";}}}]]></wp:meta_value>
  </wp:postmeta>
</item>
<item>
  <title><![CDATA[call center]]></title>
  <link>https://anaespanaramos.wordpress.com/contacto/call-center/</link>
  <pubDate>Mon, 10 Feb 2025 16:16:39 +0000</pubDate>
  <dc:creator>agespana2001</dc:creator>
  <guid isPermaLink="false">http://anaespanaramos.files.wordpress.com/2025/02/call-center-1.jpg</guid>
  <description/>
  <content:encoded><![CDATA[]]></content:encoded>
  <excerpt:encoded><![CDATA[young girl in white shirt and headphones with a microphone looking aside smiling confident pointing up with index finger standing over pink background]]></excerpt:encoded>
  <wp:post_id>34</wp:post_id>
  <wp:post_date>2025-02-10 11:16:39</wp:post_date>
  <wp:post_date_gmt>2025-02-10 16:16:39</wp:post_date_gmt>
  <wp:post_modified>2025-02-10 11:16:39</wp:post_modified>
  <wp:post_modified_gmt>2025-02-10 16:16:39</wp:post_modified_gmt>
  <wp:comment_status>open</wp:comment_status>
  <wp:ping_status>closed</wp:ping_status>
  <wp:post_name>call-center</wp:post_name>
  <wp:status>inherit</wp:status>
  <wp:post_parent>30</wp:post_parent>
  <wp:menu_order>0</wp:menu_order>
  <wp:post_type>attachment</wp:post_type>
  <wp:post_password/>
  <wp:is_sticky>0</wp:is_sticky>
  <wp:attachment_url>https://anaespanaramos.wordpress.com/wp-content/uploads/2025/02/call-center-1.jpg</wp:attachment_url>
  <wp:postmeta>
    <wp:meta_key>_wp_attached_file</wp:meta_key>
    <wp:meta_value><![CDATA[/home/wpcom/public_html/wp-content/blogs.dir/6d8/241125379/files/2025/02/call-center-1.jpg]]></wp:meta_value>
  </wp:postmeta>
  <wp:postmeta>
    <wp:meta_key>_wp_attachment_metadata</wp:meta_key>
    <wp:meta_value><![CDATA[a:6:{s:5:"width";i:5304;s:6:"height";i:6244;s:4:"file";s:90:"/home/wpcom/public_html/wp-content/blogs.dir/6d8/241125379/files/2025/02/call-center-1.jpg";s:8:"filesize";i:3599651;s:5:"sizes";a:0:{}s:10:"image_meta";a:12:{s:8:"aperture";s:1:"0";s:6:"credit";s:0:"";s:6:"camera";s:0:"";s:7:"caption";s:150:"young girl in white shirt and headphones with a microphone looking aside smiling confident pointing up with index finger standing over pink background";s:17:"created_timestamp";s:10:"1491962197";s:9:"copyright";s:0:"";s:12:"focal_length";s:1:"0";s:3:"iso";s:1:"0";s:13:"shutter_speed";s:1:"0";s:5:"title";s:0:"";s:11:"orientation";s:1:"0";s:8:"keywords";a:0:{}}}]]></wp:meta_value>
  </wp:postmeta>
</item>
  </channel>
</rss>
